,ID Number,Degree,Major,Honors,Departmental Honors,Printed Name,Phonetic Spelling,First Name,Middle Name,Last Name,Grad Date,Street Address,"Apt., Ste., Bldg.",City,State,Province,Postal Code,Country,Phone,Email,ID Number.1,Notes,Extra Notes,NO,Unnamed: 24,Unnamed: 25,Unnamed: 26
0,M2801226,B.A.,Biology,Magna Cum Laude ,,Ema R. Pww,EmaPww,Ema,R,Pww,2022-05-02 00:00:00,XXXXXXX,,Atlanta,GA,,30310,USA,(667)566-2609,Ema.Pww@my.fisk.edu,M2801226,Dept Approved,Late Submission,,,,
1,R9486952,B.A.,Biology,Cum Laude ,,Qlsoyco N. Kfwtcosij,QlsoycoKfwtcosij,Qlsoyco,Nwjhs,Kfwtcosij,2022-05-02 00:00:00,XXXXXXX,,Chesapeake,VA,,23324,USA,(309)175-7609,Qlsoyco.Kfwtcosij@my.fisk.edu,R9486952,Dept Approved,"2 pending classes, has 120 credit hours",,,,
2,U4577939,B.A.,Biology,,,Cdbxuok Q. Jon,CdbxuokJon,Cdbxuok,Qe,Jon,2022-05-02 00:00:00,XXXXXXX,,Chicago,IL,,60615,USA,(648)694-7128,Cdbxuok.Jon@my.fisk.edu,U4577939,Dept Approved,,,,,
3,V1255233,B.A.,Biology,,,Ddblqbmvh S. Upejiqc,DdblqbmvhUpejiqc,Ddblqbmvh,Sexw,Upejiqc,2022-05-02 00:00:00,XXXXXXX,,Columbia,MD,,21045,USA,(324)829-9802,Ddblqbmvh.Upejiqc@my.fisk.edu,V1255233,Dept Approved,121 hrs/3.08 GPA,,,,
4,V5793468,B.A.,Biology,,,Kqgqjcm X. Tzthy,KqgqjcmTzthy,Kqgqjcm,Xfed,Tzthy,2022-05-02 00:00:00,XXXXXXX,,Orlando,FL,,32818,USA,(318)189-4453,Kqgqjcm.Tzthy@my.fisk.edu,V5793468,Dept Approved,121 hrs/3.0 GPA,,,,
5,L5479570,B.A.,Biology,Magna Cum Laude ,,Uhy M. Sdth,UhySdth,Uhy,M,Sdth,2022-05-02 00:00:00,XXXXXXX,,Holyoke,MA,,01040,USA,(711)636-2881,Uhy.Sdth@my.fisk.edu,L5479570,Dept Approved,136 hrs/3.67 GPA,,,,
6,U2045201,B.A.,Biology,,,Iajncnch X. Piakzp,IajncnchPiakzp,Iajncnch,Xh,Piakzp,2022-05-02 00:00:00,XXXXXXX,,Baltimore,MD,,21206,USA,(990)620-8999,Iajncnch.Piakzp@my.fisk.edu,U2045201,Dept Approved,"All grades entered, 124 credits",,,,
7,D4765966,B.A.,Biology,,,Waojv U. Tvvgadz,WaojvTvvgadz,Waojv,Upt,Tvvgadz,2022-05-02 00:00:00,XXXXXXX,,Chicago,IL,,60622,USA,(855)881-4265,Waojv.Tvvgadz@my.fisk.edu,D4765966,Dept Approved,140 hrs/2.95 GPA (Email from Dr. Freeman 4/27/2022 Student has not met the requirements to walk in gradution),x,,,
8,C2979811,B.A.,Biology,,,Qhzgmchny Q. Kdcntw,QhzgmchnyKdcntw,Qhzgmchny,Quudr,Kdcntw,2022-05-02 00:00:00,XXXXXXX,,Nashville,TN,,37211,USA,(683)543-6700,Qhzgmchny.Kdcntw@my.fisk.edu,C2979811,Dept Approved,133 hrs/2.96 GPA,,,,
9,Q4895687,B.A.,Biology,Cum Laude ,,Mukro U. Ufckw,MukroUfckw,Mukro,U,Ufckw,2022-05-01 00:00:00,XXXXXXX,,College Park,GA,,30349,USA,(992)553-5104,Mukro.Ufckw@my.fisk.edu,Q4895687,Dept Approved,,,,,
10,O7073964,B.A.,Biology,,,Kzmd U. Hxrgplyk,KzmdHxrgplyk,Kzmd,Uttl,Hxrgplyk,2022-05-02 00:00:00,XXXXXXX,,Houston,Texas,,77066,USA,(877)729-8139,Kzmd.Hxrgplyk@my.fisk.edu,O7073964,Dept Approved,121 hrs/3.09 GPA,,,,
11,D7254327,B.A.,Biology,Magna Cum Laude  ,,Jdijoc M. Tjwszh,JdijocTjwszh,Jdijoc,Mml,Tjwszh,2022-05-01 00:00:00,XXXXXXX,,Port St. Lucie,FL,,34952,USA,(774)359-3271,Jdijoc.Tjwszh@my.fisk.edu,D7254327,Dept Approved,139 hrs/3.5 GPA,,,,
12,N9487548,B.A.,Biology,,,Eqsfady S. Zkehikz,EqsfadyZkehikz,Eqsfady,S,Zkehikz,2022-05-02 00:00:00,XXXXXXX,,Romulus,MI,,48174,USA,(402)437-8423,Eqsfady.Zkehikz@my.fisk.edu,N9487548,Dept Approved,133 hrs/2.9 GPA,,,,
13,N4824807,B.A.,Biology,Cum Laude ,,Guxuoa B. Eblmc,GuxuoaEblmc,Guxuoa,Barca,Eblmc,2022-05-02 00:00:00,XXXXXXX,,Olive Branch,MS,,38654,USA,(547)411-6956,Guxuoa.Eblmc@my.fisk.edu,N4824807,Dept Approved,93 hrs/3.31 GPA,,,,
14,A6437509,B.A.,Biology,Cum Laude,,Fttsslwo U. Mchthb,FttsslwoMchthb,Fttsslwo,U,Mchthb,2022-05-02 00:00:00,XXXXXXX,,Evergreen Park,IL,,60805,USA,(696)091-1772,Fttsslwo.Mchthb@my.fisk.edu,A6437509,Dept Approved,124 hrs/3.3 GPA,,,,
15,E4482294,B.A.,Biology,,,Bigwbsepz U. Kodkddepx,BigwbsepzKodkddepx,Bigwbsepz,Ustf,Kodkddepx,2022-05-01 00:00:00,XXXXXXX,,Nashville,TN,,37013,USA,(473)480-2262,Bigwbsepz.Kodkddepx@my.fisk.edu,E4482294,Dept Approved,133 hrs/2.78 GPA,,,,
16,T8933251,B.A.,Biology,,,Pyfmgptyh S. Mvcfkmxji,PyfmgptyhMvcfkmxji,Pyfmgptyh,Sgm,Mvcfkmxji,2022-05-02 00:00:00,XXXXXXX,,Rex,GA,,30273,USA,(727)216-0744,Pyfmgptyh.Mvcfkmxji@my.fisk.edu,T8933251,Dept Approved,"1 pending grade, 116 credits",,,,
17,H9489315,B.A.,Biology,Summa Cum Laude ,,Fqqfyehn Q. Cfxszz,FqqfyehnCfxszz,Fqqfyehn,Q,Cfxszz,2022-05-01 00:00:00,XXXXXXX,,Southfield,MI,,48075,USA,(350)323-4763,Fqqfyehn.Cfxszz@my.fisk.edu,H9489315,Dept Approved,123 hrs/3.75 GPA,,,,
18,Q8346324,B.A.,Biology,,,Hpa E. Dobx,HpaDobx,Hpa,E,Dobx,2022-05-02 00:00:00,XXXXXXX,,washington ,DC,,20019,USA,(585)315-5646,Hpa.Dobx@my.fisk.edu,Q8346324,Dept Approved,,,,,
19,U3640682,B.A.,Biology,Cum Laude  ,,Kuwz C. Abty,KuwzAbty,Kuwz,C,Abty,2022-05-02 00:00:00,XXXXXXX,,Birmingham,AL,,35211,USA,(110)244-6433,Kuwz.Abty@my.fisk.edu,U3640682,Dept Approved,125 hrs/3.45 GPA,,,,
20,N5854543,B.A.,Biology,Magna Cum Laude ,,Laoa D. Qktkheq,LaoaQktkheq,Laoa,Dtwmm,Qktkheq,2022-05-02 00:00:00,XXXXXXX,,Cartersville,GA,,30121,USA,(247)706-6390,Laoa.Qktkheq@my.fisk.edu,N5854543,Dept Approved,126 hrs/3.53 GPA,,,,
21,D3012224,B.A.,Biology,Cum Laude ,,Bhrywfyvl T. Cdfboluq,BhrywfyvlCdfboluq,Bhrywfyvl,T,Cdfboluq,2022-05-02 00:00:00,XXXXXXX,,Brownsburg,IN,,46112,USA,(954)816-8688,Bhrywfyvl.Cdfboluq@my.fisk.edu,D3012224,Dept Approved,135 hrs/3.54 GPA,,,,
22,S4532253,B.A.,Biology,,,Xey S. Qgblkpqw,XeyQgblkpqw,Xey,Shod,Qgblkpqw,2022-05-02 00:00:00,XXXXXXX,Apt 186,Scottsdale,AZ,,85254,USA,(530)793-3605,Xey.Qgblkpqw@my.fisk.edu,S4532253,Dept Approved,"142 hrs/2.93 GPA (all grades entered, did not meet major requirements)",x,,,
23,T9841649,B.A.,Biology,Magna Cum Laude ,,Lpvjilfrs M. Mwry,LpvjilfrsMwry,Lpvjilfrs,M,Mwry,2022-05-02 00:00:00,XXXXXXX,,Highland Park,MI,,48203,USA,(615)171-4259,Lpvjilfrs.Mwry@my.fisk.edu,T9841649,Dept Approved,123 hrs/3.49 GPA,,,,
24,Y9636227,B.A.,Biology,Summa Cum Laude ,,Exvzmj J. Axhiiac,ExvzmjAxhiiac,Exvzmj,Jqxix,Axhiiac,2022-05-01 00:00:00,XXXXXXX,,Muskegon,MI,,49442,USA,(270)326-1921,Exvzmj.Axhiiac@my.fisk.edu,Y9636227,Dept Approved,"132 credits, all grades entered",,,,
25,G4547978,B.A.,Biology,Summa Cum Laude ,,Clqaezxtq F. Gaj,ClqaezxtqGaj,Clqaezxtq,F,Gaj,2022-05-02 00:00:00,XXXXXXX,,Jackson,TN,,38305,USA,(816)771-8156,Clqaezxtq.Gaj@my.fisk.edu,G4547978,Dept Approved,128 hrs/3.8 GPA,,,,
26,D5091539,B.A.,Biology,Magna Cum Laude  ,,Dfqljouw M. Lhjgv,DfqljouwLhjgv,Dfqljouw,M,Lhjgv,2022-05-01 00:00:00,XXXXXXX,,Nashville,TN,,37208,USA,(461)403-9355,Dfqljouw.Lhjgv@my.fisk.edu,D5091539,Dept Approved,127 hrs/3.58 GPA,,,,
27,K5171254,B.A.,Biology,Cum Laude  ,,Qnztjf L. Yftacxnr,QnztjfYftacxnr,Qnztjf,Lvsxg,Yftacxnr,2022-05-02 00:00:00,XXXXXXX,,Jeffersonville ,IN,,47130,USA,(527)072-3553,Qnztjf.Yftacxnr@my.fisk.edu,K5171254,Dept Approved,147 hrs/3.39 GPA,,,,
28,X7395053,B.A.,Biology,Cum Laude  ,,Encgtao K. Nlrxr,EncgtaoNlrxr,Encgtao,K,Nlrxr,2022-05-02 00:00:00,XXXXXXX,,Gwynn Oak,MD,,21207,USA,(523)452-9069,Encgtao.Nlrxr@my.fisk.edu,X7395053,Dept Approved,123 hrs/3.46 GPA,,,,
29,O2941337,B.A.,Biology,,,Pjgrkdt R. Jtbwr,PjgrkdtJtbwr,Pjgrkdt,R,Jtbwr,2022-05-02 00:00:00,XXXXXXX,,Indianapolis,IN,,46268,USA,(700)177-3502,Pjgrkdt.Jtbwr@my.fisk.edu,O2941337,Dept Approved,146 hrs/3.21 GPA,,,,
30,A9114503,B.A.,Biology,Summa Cum Laude  ,,Fwaejzfiu K. Ctegtoo,FwaejzfiuCtegtoo,Fwaejzfiu,K,Ctegtoo,2022-05-02 00:00:00,XXXXXXX,,Brentwood,TN,,37027,USA,(886)407-7075,Fwaejzfiu.Ctegtoo@my.fisk.edu,A9114503,Dept Approved,134 hrs/3.78 GPA,,,,
31,V6330234,B.A.,Biology,,,Kneiwsi S. Xxay,KneiwsiXxay,Kneiwsi,S,Xxay,2022-05-02 00:00:00,XXXXXXX,,Nashville,TN,,37206,USA,(380)575-2538,Kneiwsi.Xxay@my.fisk.edu,V6330234,Dept Approved,126 hrs/3.14 GPA,,,,
32,A5590647,B.A.,Biology,Cum Laude ,,Dfjgiowl A. Zcgf,DfjgiowlZcgf,Dfjgiowl,Agwee,Zcgf,2022-05-02 00:00:00,XXXXXXX,,Nashville,TN,,37214,USA,(691)673-9367,Dfjgiowl.Zcgf@my.fisk.edu,A5590647,Dept Approved,134 hrs/3.34 GPA  ,,,,
33,R2496694,B.A.,Biology ,Magna Cum Laude  ,,Absns P. Qxjbgkfa,AbsnsQxjbgkfa,Absns,P,Qxjbgkfa,2022-05-02 00:00:00,XXXXXXX,,Memphis ,TN,,38122,USA,(309)555-3775,Absns.Qxjbgkfa@my.fisk.edu,R2496694,Dept Approved,131 hrs/3.49 GPA  ,,,,
34,N3139563,B.A.,Biology ,,,Ntxgcruk G. Mczimei,NtxgcrukMczimei,Ntxgcruk,Ggi,Mczimei,2022-05-02 00:00:00,XXXXXXX,,Park Forest,IL,,60466,USA,(611)861-6703,Ntxgcruk.Mczimei@my.fisk.edu,N3139563,Dept Approved,135 hrs/3.03 GPA,,,,
35,J7062558,B.A.,Biology ,,,Czp T. Orgi,CzpOrgi,Czp,Ts,Orgi,2022-05-02 00:00:00,XXXXXXX,,Missouri city,TX,,77459,USA,(786)355-7430,Czp.Orgi@my.fisk.edu,J7062558,Dept Approved,131 hrs/3.27 GPA,,,,
36,Q5216966,B.A.,Biology ,,,Wts M. Cvtxnl,WtsCvtxnl,Wts,Mhh,Cvtxnl,2022-05-02 00:00:00,XXXXXXX,,Nashville,TN,,37214,USA,(454)769-4500,Wts.Cvtxnl@my.fisk.edu,Q5216966,Dept Approved,150 hrs/3.16 GPA,,,,
37,R8974137,B.A.,Biology ,Cum Laude  ,,Ctzp T. Bgilfltx,CtzpBgilfltx,Ctzp,Tnsp,Bgilfltx,2022-05-02 00:00:00,XXXXXXX,,Eufaula ,AL,,36027,USA,(798)208-9380,Ctzp.Bgilfltx@my.fisk.edu,R8974137,Dept Approved,132 hrs/3.39 GPA,,,,
38,L9098807,B.A.,Biology ,Cum Laude  ,,Ptlp Y. Ehg,PtlpEhg,Ptlp,Ym,Ehg,2022-05-02 00:00:00,XXXXXXX,,Euless,TX,,76039,USA,(312)028-9808,Ptlp.Ehg@my.fisk.edu,L9098807,Dept Approved,136 hrs/3.3 GPA,,,,
39,Q5009239,B.A.,Biology ,Cum Laude  ,,Bowm K. Acioiopcz,BowmAcioiopcz,Bowm,Ktoyn,Acioiopcz,2022-05-02 00:00:00,XXXXXXX,Apt. 4M,Bronx,NY,,10472,USA,(022)772-4127,Bowm.Acioiopcz@my.fisk.edu,Q5009239,Dept Approved,127 hrs/3.45 GPA,,,,
40,A3869192,B.A.,Biology ,Cum Laude ,,Tjiekapp A. Elrqj,TjiekappElrqj,Tjiekapp,A,Elrqj,2022-05-02 00:00:00,XXXXXXX,apt. 311,Clarksville,TN,,37040,USA,(743)988-2477,Tjiekapp.Elrqj@my.fisk.edu,A3869192,Dept Approved,127 hrs/3.4 GPA,,,,
41,L5202842,B.A.,Biology ,,,Hsktdsf D. Szugbf,HsktdsfSzugbf,Hsktdsf,D,Szugbf,2022-05-02 00:00:00,XXXXXXX,,New Orleans ,LA,,70128,USA,(209)617-2131,Hsktdsf.Szugbf@my.fisk.edu,L5202842,Dept Approved,124 hrs/3.03 GPA,,,,
42,H9365593,B.A.,Biology  ,Cum Laude ,,Apnfoa A. Mqknd,ApnfoaMqknd,Apnfoa,A,Mqknd,2022-05-02 00:00:00,XXXXXXX,,Kansas City ,MO,,64132,USA,(125)516-6100,Apnfoa.Mqknd@my.fisk.edu,H9365593,Dept Approved,126 hrs/3.28 GPA,,,,
43,M3413510,B.A.,Biology & Spanish,,,Djj L. Igix,DjjIgix,Djj,L,Igix,2022-05-02 00:00:00,XXXXXXX,,Southaven,MS,,38672,USA,(463)468-6375,Djj.Igix@my.fisk.edu,M3413510,Dept Approved,123 hrs/3.29 GPA,,,,
44,V1524537,B.A.,Biology and Spanish,Magna Cum Laude ,,Luwg Y. Cjvoh,LuwgCjvoh,Luwg,Y,Cjvoh,2022-05-01 00:00:00,XXXXXXX,,Saint Louis,MO,,63112,USA,(767)573-3147,Luwg.Cjvoh@my.fisk.edu,V1524537,Dept Approved,135 hrs/3.51 GPA,,,,
45,W2169430,B.A.,Biology and Spanish,Cum Laude  ,,Robc I. Yylhsbho,RobcYylhsbho,Robc,Iiwij,Yylhsbho,2022-05-02 00:00:00,XXXXXXX,,Glenwood,IL,,60425,USA,(143)375-4235,Robc.Yylhsbho@my.fisk.edu,W2169430,Dept Approved,137 hrs/3.39 GPA,,,,
46,W4484334,B.A.,Criminal Justice ,Magna Cum Laude ,,Hnnfdw M. Eebmnq,HnnfdwEebmnq,Hnnfdw,Mbr,Eebmnq,2022-05-02 00:00:00,XXXXXXX,,South Holland ,IL,,60473,USA,(429)486-8876,Hnnfdw.Eebmnq@my.fisk.edu,W4484334,Dept Approved,135 hrs/3.54 GPA,,,,
47,N8577336,B.A.,Elected Studies,,,Buplunuom R. Mhfvdree,BuplunuomMhfvdree,Buplunuom,R,Mhfvdree,2022-05-02 00:00:00,XXXXXXX,unit 6SW,Daytona Beach Shores,FL,,32118,USA,(025)680-7516,Buplunuom.Mhfvdree@my.fisk.edu,N8577336,Dept Approved,132 hrs/2.54 GPA,,,,
48,Y2931306,B.A.,Elected Studies,,,Igeao L. Mnyims,IgeaoMnyims,Igeao,Lg,Mnyims,2022-05-02 00:00:00,XXXXXXX,Apt 234 ,Antioch,TN,,37013,USA,(186)817-4257,Igeao.Mnyims@my.fisk.edu,Y2931306,Dept Approved,102 hrs/2.82 GPA (Missing 4 grades),,,,
49,U9514079,B.A.,Elected Studies,,,Wirpbq V. Bfnpzoy,WirpbqBfnpzoy,Wirpbq,V,Bfnpzoy,2022-05-02 00:00:00,XXXXXXX,,Los Angeles,CA,,90044,USA,(447)041-6498,Wirpbq.Bfnpzoy@my.fisk.edu,U9514079,Dept Approved,118.5 hrs/2.43 GPA Dr. Leach,,,,
50,E7781909,B.A.,Elected studies,Summa Cum Laude  ,,Glwfv J. Gxr,GlwfvGxr,Glwfv,Jkfj,Gxr,2022-05-02 00:00:00,XXXXXXX,,STEVENSON RANCH,CA,,91381,USA,(322)132-3830,Glwfv.Gxr@my.fisk.edu,E7781909,Dept Approved,15 hrs/3.86 GPA,,,,
51,P0350697,B.A.,Elected Studies,Summa Cum Laude ,,Oizwmxqr A. Tervsa,OizwmxqrTervsa,Oizwmxqr,Ad,Tervsa,2022-05-02 00:00:00,XXXXXXX,,Kansas City ,MO,,64130,USA,(309)387-7256,Oizwmxqr.Tervsa@my.fisk.edu,P0350697,Dept Approved,,,,,
52,W0126937,B.A.,Elected Studies,,,Ftqct H. Toqmuwqkc,FtqctToqmuwqkc,Ftqct,H,Toqmuwqkc,2022-05-02 00:00:00,XXXXXXX,,Harper woods,MI,,48225,USA,(687)566-4168,Ftqct.Toqmuwqkc@my.fisk.edu,W0126937,Dept Approved,,,,,
53,U8769521,B.A.,Elected Studies,Summa Cum Laude  ,McKinley N/A Young  Jr.,Bgsqpxbws U. Dssoogtz,BgsqpxbwsDssoogtz,Bgsqpxbws,U,Dssoogtz,,XXXXXXX,,Franklin,TN,,37067,USA,(375)127-2424,Bgsqpxbws.Dssoogtz@my.fisk.edu,U8769521,Dept Approved,,,,,
54,A2426344,B.A.,Elected Studies ,,,Sqpystisw F. Przhfx,SqpystiswPrzhfx,Sqpystisw,Fgse,Przhfx,2022-05-02 00:00:00,XXXXXXX,,Denver,CO,,80224,USA,(267)762-8027,Sqpystisw.Przhfx@my.fisk.edu,A2426344,Dept Approved,,,,,
55,B2938713,B.A.,Elected Studies ,,,Lzu F. Jubtvch,LzuJubtvch,Lzu,Frna,Jubtvch,2022-05-02 00:00:00,XXXXXXX,,Cleveland Heights,OH,,44118,USA,(377)069-9085,Lzu.Jubtvch@my.fisk.edu,B2938713,Dept Approved,Dr. Hussain,,,,
56,C5783694,B.A.,Elected Studies w/ Concentration in Human Development and Leadership,,,Smc S. Asnsau,SmcAsnsau,Smc,S,Asnsau,2022-05-02 00:00:00,XXXXXXX,,Clarksville,TN,,37043,USA,(708)516-4243,Smc.Asnsau@my.fisk.edu,C5783694,Dept Approved,,,,,
57,T4445350,B.A.,English,Cum Laude  ,,Rzcqeni X. Dohivze,RzcqeniDohivze,Rzcqeni,Xyd,Dohivze,2022-05-01 00:00:00,XXXXXXX,,Nashville,TN,,37214,USA,(003)503-4982,Rzcqeni.Dohivze@my.fisk.edu,T4445350,Dept Approved,,,,,
58,Y6910366,B.A.,English,,,Vrcbgtd A. Pxhxaaoua,VrcbgtdPxhxaaoua,Vrcbgtd,A,Pxhxaaoua,2022-05-02 00:00:00,XXXXXXX,,Gilroy,CA,,95020,USA,(806)437-6499,Vrcbgtd.Pxhxaaoua@my.fisk.edu,Y6910366,Dept Approved,Dr. Burnett,,,,
59,Q6409537,B.A.,English,Magna Cum Laude ,,Honxpigxc Z. Zxxnhdmdm,HonxpigxcZxxnhdmdm,Honxpigxc,Z,Zxxnhdmdm,2022-05-02 00:00:00,XXXXXXX,,Nashville,TN,,37208,USA,(696)243-1319,Honxpigxc.Zxxnhdmdm@my.fisk.edu,Q6409537,Dept Approved,,,,,
60,B5869630,B.A.,English,,,Epbopna F. Gwel,EpbopnaGwel,Epbopna,Fsq,Gwel,2022-05-02 00:00:00,XXXXXXX,,New York City,NY,,10026,USA,(434)013-3818,Epbopna.Gwel@my.fisk.edu,B5869630,Dept Approved,,,,,
61,O8728082,B.A.,English,,,Yzifs X. Yzmyf,YzifsYzmyf,Yzifs,Xukbw,Yzmyf,2022-05-02 00:00:00,XXXXXXX,,Olympia Fields,IL,,60461,USA,(411)872-2110,Yzifs.Yzmyf@my.fisk.edu,O8728082,Dept Approved,,,,,
62,Y1188766,B.A.,English ,,,Zjzepllum R. Fghag,ZjzepllumFghag,Zjzepllum,R,Fghag,2022-05-02 00:00:00,XXXXXXX,,Houston,TX,,77004,USA,(523)041-2307,Zjzepllum.Fghag@my.fisk.edu,Y1188766,Dept Approved,,,,,
63,Y9576955,B.A.,English ,,,Gisxli E. Byyt,GisxliByyt,Gisxli,Ehrqn,Byyt,2022-05-02 00:00:00,XXXXXXX,,Nashville,TN,,37221,USA,(769)107-9638,Gisxli.Byyt@my.fisk.edu,Y9576955,Dept Approved,,,,,
64,Z4645407,B.A.,English ,,,Mehhieaig G. Jhdfnh,MehhieaigJhdfnh,Mehhieaig,Gaffm,Jhdfnh,2022-05-02 00:00:00,XXXXXXX,,Antioch ,TN,,37013,USA,(481)254-0852,Mehhieaig.Jhdfnh@my.fisk.edu,Z4645407,Dept Approved,,,,,
65,N1462099,B.A.,English & Political Science ,,,Hdhtmze U. Vopxioird,HdhtmzeVopxioird,Hdhtmze,U,Vopxioird,2022-05-02 00:00:00,XXXXXXX,,Gary,IN,,46409,USA,(144)612-5411,Hdhtmze.Vopxioird@my.fisk.edu,N1462099,Dept Approved,Dr. Burnett,,,,
66,O0508248,B.A.,History ,,,Osjvjbq R. Cwxvchqz,OsjvjbqCwxvchqz,Osjvjbq,R,Cwxvchqz,2022-05-02 00:00:00,XXXXXXX,,East Orange ,NJ,,07017,USA,(974)784-6616,Osjvjbq.Cwxvchqz@my.fisk.edu,O0508248,Dept Approved,Dr. Adebanjo,,,,
67,C1470094,B.A.,History ,Summa Cum Laude ,,Ueouckj H. Wcjeji,UeouckjWcjeji,Ueouckj,Hglty,Wcjeji,2022-05-02 00:00:00,XXXXXXX,,Niagara Falls,NY,,14304,USA,(279)554-6171,Ueouckj.Wcjeji@my.fisk.edu,C1470094,Dept Approved,,,,,
68,F9574268,B.A.,History ,Summa Cum Laude ,,Tbigum H. Gygzaw,TbigumGygzaw,Tbigum,Hlkv,Gygzaw,2022-05-02 00:00:00,XXXXXXX,,Memphis,TN,,38125,USA,(852)989-2589,Tbigum.Gygzaw@my.fisk.edu,F9574268,Dept Approved,,,,,
69,X7257030,B.A.,Music,,,Zbyizni Z. Gpibylbf,ZbyizniGpibylbf,Zbyizni,Zw,Gpibylbf,2022-05-02 00:00:00,XXXXXXX,,Olympia Fields,IL,,60461,USA,(996)093-9109,Zbyizni.Gpibylbf@my.fisk.edu,X7257030,Dept Approved,,,,,
70,Y6124947,B.A.,Music,,,Ktebdr S. Ylojnzjlu,KtebdrYlojnzjlu,Ktebdr,Svgta,Ylojnzjlu,2022-05-01 00:00:00,XXXXXXX,,Olympia Fields,IL,,60461,USA,(664)182-4976,Ktebdr.Ylojnzjlu@my.fisk.edu,Y6124947,Dept Approved,,,,,
71,N9034860,B.A.,Political Science,,,Lflyygq D. Avcmi,LflyygqAvcmi,Lflyygq,Drm,Avcmi,2022-05-02 00:00:00,XXXXXXX,,Canton,GA,,30114,USA,(563)942-9670,Lflyygq.Avcmi@my.fisk.edu,N9034860,Dept Approved,,,,,
72,C5677648,B.A.,Political Science,,,Oppf H. Xmsrov,OppfXmsrov,Oppf,Hfbw,Xmsrov,2022-05-02 00:00:00,XXXXXXX,,Chicago,IL,,60628,USA,(670)591-0152,Oppf.Xmsrov@my.fisk.edu,C5677648,Dept Approved,,,,,
73,H6696640,B.A.,Political Science,Cum Laude ,,Kmdh N. Zcuizk,KmdhZcuizk,Kmdh,N,Zcuizk,2022-05-02 00:00:00,XXXXXXX,,Memphis,TN,,38141,USA,(937)589-4795,Kmdh.Zcuizk@my.fisk.edu,H6696640,Dept Approved,,,,,
74,L0993130,B.A.,Political Science,Cum Laude ,,Ftml R. Cgpkl,FtmlCgpkl,Ftml,R,Cgpkl,2022-05-02 00:00:00,XXXXXXX,,Hendersonville,TN,,37075,USA,(983)858-8392,Ftml.Cgpkl@my.fisk.edu,L0993130,Dept Approved,,,,,
75,U3884690,B.A.,Political Science,Summa Cum Laude  ,,Hbsejc Z. Fwprxc,HbsejcFwprxc,Hbsejc,Zlxzv,Fwprxc,2022-05-02 00:00:00,XXXXXXX,Apt E40,Dothan,AL,,36303,USA,(100)846-3447,Hbsejc.Fwprxc@my.fisk.edu,U3884690,Dept Approved,,,,,
76,N2152312,B.A.,Political Science,Magna Cum Laude ,,Ghpblkjr X. Iwisjkhgj,GhpblkjrIwisjkhgj,Ghpblkjr,Xlq,Iwisjkhgj,2022-05-01 00:00:00,XXXXXXX,,Woodland Hills,CA,,91367,USA,(087)736-0986,Ghpblkjr.Iwisjkhgj@my.fisk.edu,N2152312,Dept Approved,,,,,
77,S5717494,B.A.,Political Science ,Summa Cum Laude ,,Gqqvkjqiq D. Wnw,GqqvkjqiqWnw,Gqqvkjqiq,D,Wnw,2022-05-02 00:00:00,XXXXXXX,,Durham,NC,,27703,USA,(895)065-1105,Gqqvkjqiq.Wnw@my.fisk.edu,S5717494,Dept Approved,,,,,
78,B6233781,B.A.,Political Science ,Magna Cum Laude ,,Fdm W. Pil,FdmPil,Fdm,Weneu,Pil,2022-05-02 00:00:00,XXXXXXX,,Hermitage ,TN,,37076,USA,(372)075-5511,Fdm.Pil@my.fisk.edu,B6233781,Dept Approved, ,,,,
79,D8235509,B.A.,Political Science ,Cum Laude  ,,Fztgxd V. Atqfbt,FztgxdAtqfbt,Fztgxd,Vim,Atqfbt,2022-05-02 00:00:00,XXXXXXX,,Euless,TX,,76039,USA,(736)251-8534,Fztgxd.Atqfbt@my.fisk.edu,D8235509,Dept Approved,,,,,
80,D6306663,B.A.,Political science ,Cum Laude ,,Djrvmjeq P. Wfpkcmssr,DjrvmjeqWfpkcmssr,Djrvmjeq,Pf,Wfpkcmssr,2022-05-02 00:00:00,XXXXXXX,,Chicago,IL,,60623,USA,(156)908-0482,Djrvmjeq.Wfpkcmssr@my.fisk.edu,D6306663,Dept Approved,,,,,
81,K0371486,B.A.,Psychology,Magna Cum Laude  ,,Fya A. Vkstw,FyaVkstw,Fya,A,Vkstw,2022-05-02 00:00:00,XXXXXXX,,Fayetteville,GA,,30214,USA,(901)916-9593,Fya.Vkstw@my.fisk.edu,K0371486,Dept Approved,,,,,
82,A2726404,B.A.,Psychology,Cum Laude ,,Xrltvgqzh H. Zmgszjr,XrltvgqzhZmgszjr,Xrltvgqzh,H,Zmgszjr,2022-05-02 00:00:00,XXXXXXX,,Detroit ,MI,,48227,USA,(621)781-1725,Xrltvgqzh.Zmgszjr@my.fisk.edu,A2726404,Dept Approved,,,,,
83,S8664258,B.A.,Psychology,Summa Cum Laude  ,,Upfnl T. Atdx,UpfnlAtdx,Upfnl,T,Atdx,2022-05-02 00:00:00,XXXXXXX,,Matteson,IL,,60443,USA,(071)666-8966,Upfnl.Atdx@my.fisk.edu,S8664258,Dept Approved,,,,,
84,C6942111,B.A.,Psychology,,,Vfyouoi J. Jkthen,VfyouoiJkthen,Vfyouoi,Jixe,Jkthen,2022-05-02 00:00:00,XXXXXXX,,Belleville,IL,,62221,USA,(011)044-6436,Vfyouoi.Jkthen@my.fisk.edu,C6942111,Dept Approved,,,,,
85,R9915077,B.A.,Psychology,Summa Cum Laude  ,,Rtsoe O. Vemwng,RtsoeVemwng,Rtsoe,O,Vemwng,2022-05-01 00:00:00,XXXXXXX,,Macon ,GA,,31216,USA,(363)758-6669,Rtsoe.Vemwng@my.fisk.edu,R9915077,Dept Approved,,,,,
86,L0317046,B.A.,Psychology,Summa Cum Laude  ,,Dkovkpm V. Xiqhianq,DkovkpmXiqhianq,Dkovkpm,Vt,Xiqhianq,2022-05-02 00:00:00,XXXXXXX,,Nashville ,TN,,37207,USA,(174)613-4167,Dkovkpm.Xiqhianq@my.fisk.edu,L0317046,Dept Approved,,,,,
87,F4353351,B.A.,Psychology,,,Zch J. Xsby,ZchXsby,Zch,Jifz,Xsby,2022-05-02 00:00:00,XXXXXXX,,Nashville ,TN,,37207,USA,(237)588-3678,Zch.Xsby@my.fisk.edu,F4353351,Dept Approved,Dr. Peters,,,,
88,V4407818,B.A.,Psychology,,,Vcxmhzlo P. Qkskixf,VcxmhzloQkskixf,Vcxmhzlo,Pw,Qkskixf,2022-05-04 00:00:00,XXXXXXX,,Riverdale,GA,,30298,USA,(102)949-3698,Vcxmhzlo.Qkskixf@my.fisk.edu,V4407818,Dept Approved,,,,,
89,J8880623,B.A.,Psychology,Cum Laude  ,,Mzp L. Vxtoivbrj,MzpVxtoivbrj,Mzp,Ltqvp,Vxtoivbrj,2022-05-02 00:00:00,XXXXXXX,,Baton Rouge,LA,,70815,USA,(640)837-7205,Mzp.Vxtoivbrj@my.fisk.edu,J8880623,Dept Approved,,,,,
90,H3022856,B.A.,Psychology,Magna Cum Laude ,,Dhqffuy K. Dkexfydu,DhqffuyDkexfydu,Dhqffuy,Kjlij,Dkexfydu,2022-05-02 00:00:00,XXXXXXX,,Madison,TN,,37115,USA,(427)134-3197,Dhqffuy.Dkexfydu@my.fisk.edu,H3022856,Dept Approved,,,,,
91,W2576884,B.A.,Psychology,,,Bgzmb J. Ymgjwllhq,BgzmbYmgjwllhq,Bgzmb,Jgp,Ymgjwllhq,2022-05-02 00:00:00,XXXXXXX,Apt 737,Hermitage ,TN,,37076,USA,(692)208-1197,Bgzmb.Ymgjwllhq@my.fisk.edu,W2576884,Dept Approved,,,,,
92,L0652618,B.A.,Psychology,,,Rfrdrwkg R. Jfv,RfrdrwkgJfv,Rfrdrwkg,Rkdh,Jfv,2022-05-02 00:00:00,XXXXXXX,,St.Louis,MO,,63112,USA,(673)300-4421,Rfrdrwkg.Jfv@my.fisk.edu,L0652618,Dept Approved,,,,,
93,K6712577,B.A.,Psychology,,,Vueudw X. Nlozt,VueudwNlozt,Vueudw,X,Nlozt,2022-05-02 00:00:00,XXXXXXX,,Birmingham ,AL,,37217,USA,(882)492-7681,Vueudw.Nlozt@my.fisk.edu,K6712577,Dept Approved,,,,,
94,H3512466,B.A.,Psychology,Summa Cum Laude  ,,Tgcsx V. Oroznj,TgcsxOroznj,Tgcsx,V,Oroznj,2022-05-02 00:00:00,XXXXXXX,,Jacksonville,FL,,32226,USA,(041)573-9848,Tgcsx.Oroznj@my.fisk.edu,H3512466,Dept Approved,,,,,
95,S2598517,B.A.,Psychology,Cum Laude  ,,Nddf X. Siphcbgj,NddfSiphcbgj,Nddf,X,Siphcbgj,2022-05-02 00:00:00,XXXXXXX,,Cincinnati ,OH,,45231,USA,(665)271-2260,Nddf.Siphcbgj@my.fisk.edu,S2598517,Dept Approved,,,,,
96,W3744636,B.A.,Psychology,Summa Cum Laude  ,,Fhkgx I. Ilzlrb,FhkgxIlzlrb,Fhkgx,I,Ilzlrb,2022-05-02 00:00:00,XXXXXXX,,South Euclid,OH,,44121,USA,(512)531-8616,Fhkgx.Ilzlrb@my.fisk.edu,W3744636,Dept Approved,,,,,
97,I6932122,B.A.,Psychology,Cum Laude  ,,Ziiwwm R. Zelgvkyky,ZiiwwmZelgvkyky,Ziiwwm,R,Zelgvkyky,2022-05-02 00:00:00,XXXXXXX,,Columbus,OH,,43209,USA,(524)664-0385,Ziiwwm.Zelgvkyky@my.fisk.edu,I6932122,Dept Approved,,,,,
98,H9789596,B.A.,Psychology,Summa Cum Laude  ,,Ymlkpaf I. Twdm,YmlkpafTwdm,Ymlkpaf,I,Twdm,2022-05-02 00:00:00,XXXXXXX,,Bartlett,TN,,38133,USA,(586)195-8517,Ymlkpaf.Twdm@my.fisk.edu,H9789596,Dept Approved,,,,,
99,I2443759,B.A.,Psychology ,,,Okf R. Cmixdk,OkfCmixdk,Okf,Re,Cmixdk,2022-05-02 00:00:00,XXXXXXX,,Summerville ,SC,,29483,USA,(490)831-9028,Okf.Cmixdk@my.fisk.edu,I2443759,Dept Approved,,,,,
100,Y4735456,B.A.,Psychology ,,,Irowgu A. Yudo,IrowguYudo,Irowgu,Avbgg,Yudo,2022-05-02 00:00:00,XXXXXXX,,Mount Juliet ,TN,,37122,USA,(857)229-7206,Irowgu.Yudo@my.fisk.edu,Y4735456,Dept Approved,,,,,
101,G5789560,B.A.,Psychology ,Cum Laude ,,Bxixgfp X. Zeehgp,BxixgfpZeehgp,Bxixgfp,X,Zeehgp,2022-05-02 00:00:00,XXXXXXX,,LaVergne,TN,,37086,USA,(016)139-7422,Bxixgfp.Zeehgp@my.fisk.edu,G5789560,Dept Approved,,,,,
102,L2483342,B.A.,Psychology ,Summa Cum Laude  ,,Udcpgn Y. Jweu,UdcpgnJweu,Udcpgn,Yk,Jweu,2022-05-02 00:00:00,XXXXXXX,,Milwaukee,WI,,53216,USA,(753)766-9111,Udcpgn.Jweu@my.fisk.edu,L2483342,Dept Approved,,,,,
103,N2108760,B.A.,Psychology ,,,Iiwlytvcr U. Qfobeetaq,IiwlytvcrQfobeetaq,Iiwlytvcr,Utwv,Qfobeetaq,2022-05-02 00:00:00,XXXXXXX,,Birmingham ,AL,,35215,USA,(585)235-4452,Iiwlytvcr.Qfobeetaq@my.fisk.edu,N2108760,Dept Approved,,,,,
104,P2834683,B.A.,Psychology ,Summa Cum Laude  ,,Uxewlkwyi H. Gssgi,UxewlkwyiGssgi,Uxewlkwyi,Hru,Gssgi,2022-05-02 00:00:00,XXXXXXX,,Memphis ,TN,,38116,USA,(634)300-4767,Uxewlkwyi.Gssgi@my.fisk.edu,P2834683,Dept Approved,,,,,
105,F8139536,B.A.,Psychology ,,,Awurib Y. Mwnzbq,AwuribMwnzbq,Awurib,Y,Mwnzbq,2022-05-02 00:00:00,XXXXXXX,,Memphis,TN,,38141,USA,(624)084-9108,Awurib.Mwnzbq@my.fisk.edu,F8139536,Dept Approved,,,,,Withdrew from FISK
106,Q9876697,B.A.,Psychology ,,,Umn T. Bzzyrjmdg,UmnBzzyrjmdg,Umn,Tijmj,Bzzyrjmdg,2022-05-02 00:00:00,XXXXXXX,Apt 6,Baltimore ,MD,,21229,USA,(594)824-1668,Umn.Bzzyrjmdg@my.fisk.edu,Q9876697,Dept Approved,,,,,
107,W5716105,B.A.,Psychology ,,,Pmeclgqbn C. Pmylpr,PmeclgqbnPmylpr,Pmeclgqbn,Cfl,Pmylpr,2022-05-02 00:00:00,XXXXXXX,,Fontana,CA,,92336,USA,(044)729-2028,Pmeclgqbn.Pmylpr@my.fisk.edu,W5716105,Dept Approved,,,,,
108,U5187888,B.A.,Psychology & Spanish,Magna Cum Laude ,,Zyrsqvhtj F. Jnoiayd,ZyrsqvhtjJnoiayd,Zyrsqvhtj,F,Jnoiayd,2022-05-02 00:00:00,XXXXXXX,,Richton Park,IL,,60471,USA,(813)199-1838,Zyrsqvhtj.Jnoiayd@my.fisk.edu,U5187888,Dept Approved,,,,,
109,M6218903,B.A.,Psychology (minor- sociology),,,Dvmxy A. Bngl,DvmxyBngl,Dvmxy,A,Bngl,2022-05-02 00:00:00,XXXXXXX,,Anderson,SC,,29621,USA,(593)510-8986,Dvmxy.Bngl@my.fisk.edu,M6218903,Dept Approved,,,,,
110,X2397910,B.A.,Sociology ,,,Lqsbay I. Hwcyxghr,LqsbayHwcyxghr,Lqsbay,Inib,Hwcyxghr,2022-05-02 00:00:00,XXXXXXX,Apt 115,Louisville ,KY,,40206,USA,(405)041-8361,Lqsbay.Hwcyxghr@my.fisk.edu,X2397910,Dept Approved,,,,,
111,J0020928,B.A.,Sociology ,Cum Laude  ,,Xaiwdnzm X. Ozzxxmah,XaiwdnzmOzzxxmah,Xaiwdnzm,Xnb,Ozzxxmah,2022-05-02 00:00:00,XXXXXXX,,Ashland City ,TN,,37015,USA,(310)608-7733,Xaiwdnzm.Ozzxxmah@my.fisk.edu,J0020928,Dept Approved,,,,,
112,X8898663,B.A.,Sociology ,,,Vdy C. Nmkksjfp,VdyNmkksjfp,Vdy,Cvdve,Nmkksjfp,2022-05-02 00:00:00,XXXXXXX,,Brooklyn,NY,,11234,USA,(905)297-2249,Vdy.Nmkksjfp@my.fisk.edu,X8898663,Dept Approved,,,,,
113,B8091716,B.A.,Sociology ,Summa Cum Laude  ,,Sodx S. Evaxi,SodxEvaxi,Sodx,Svrt,Evaxi,2022-05-02 00:00:00,XXXXXXX,Building O3,Nashville ,TN,,37211,USA,(285)703-8500,Sodx.Evaxi@my.fisk.edu,B8091716,Dept Approved,,,,,
114,X7073510,B.A.,Sociology ,,,Ckcoolee I. Qvlnld,CkcooleeQvlnld,Ckcoolee,I,Qvlnld,2022-05-02 00:00:00,XXXXXXX,,Chicago ,IL,,60628,USA,(493)384-6730,Ckcoolee.Qvlnld@my.fisk.edu,X7073510,Dept Approved,,,,,
115,P6443387,B.S.,Art,,,Buixk A. Yyynhy,BuixkYyynhy,Buixk,Apxz,Yyynhy,2022-05-02 00:00:00,XXXXXXX,,Chicago,IL,,60652,USA,(287)142-0087,Buixk.Yyynhy@my.fisk.edu,P6443387,Dept Approved,,,,,
116,O4950208,B.S.,Art,,,Zzenljfk G. Avqea,ZzenljfkAvqea,Zzenljfk,Gfkt,Avqea,2022-05-02 00:00:00,XXXXXXX,,Severn,MD,,21144,USA,(329)848-6728,Zzenljfk.Avqea@my.fisk.edu,O4950208,Dept Approved,,,,,
117,F6340247,B.S.,Art,Summa Cum Laude ,,Cnkcmjsx T. Npem,CnkcmjsxNpem,Cnkcmjsx,Tqeux,Npem,2022-05-02 00:00:00,XXXXXXX,Apt 116,Jackson,TN,,38305,USA,(925)506-9250,Cnkcmjsx.Npem@my.fisk.edu,F6340247,Dept Approved,,,,,
118,Z7310089,B.S.,Biochemistry & Molecular Biology ,Cum Laude  ,,Cfkr X. Jkmlhyo,CfkrJkmlhyo,Cfkr,Xr,Jkmlhyo,2022-05-02 00:00:00,XXXXXXX,,Indianapolis,IN,,46260,USA,(549)080-7370,Cfkr.Jkmlhyo@my.fisk.edu,Z7310089,Dept Approved,,,,,
119,P8262419,B.S.,Biochemistry & Molecular Biology ,Magna Cum Laude  ,,Qke H. Uhdaa,QkeUhdaa,Qke,Hwawa,Uhdaa,2022-05-02 00:00:00,XXXXXXX,,Nashville,TN,,37208,USA,(520)880-0031,Qke.Uhdaa@my.fisk.edu,P8262419,Dept Approved,,,,,
120,I5762540,B.S.,Biochemistry and Molecular Biology,Summa Cum Laude  ,,Vvrxo V. Cnsiqak,VvrxoCnsiqak,Vvrxo,Vn,Cnsiqak,2022-05-02 00:00:00,XXXXXXX,,Cypress,TX,,77433,USA,(519)412-5162,Vvrxo.Cnsiqak@my.fisk.edu,I5762540,Dept Approved,,,,,
121,Q1743567,B.S.,Biochemistry and Molecular Biology,Summa Cum Laude ,,Arcr E. Ixbo,ArcrIxbo,Arcr,E,Ixbo,2022-05-02 00:00:00,XXXXXXX,Apt 2905,Dallas,Tx,,75287,USA,(603)037-6675,Arcr.Ixbo@my.fisk.edu,Q1743567,Dept Approved,,,,,
122,S4411241,B.S.,Biochemistry and Molecular Biology,,,Hehjt J. Wmlndqi,HehjtWmlndqi,Hehjt,Jxkk,Wmlndqi,2022-05-02 00:00:00,XXXXXXX,,Chattanooga ,TN,,37410,USA,(185)576-9072,Hehjt.Wmlndqi@my.fisk.edu,S4411241,Dept Approved,,,,,
123,J2430640,B.S.,Biochemistry and Molecular Biology,Magna Cum Laude  ,,Dgeupnd Z. Euqkxota,DgeupndEuqkxota,Dgeupnd,Z,Euqkxota,2022-05-01 00:00:00,XXXXXXX,,Hattiesburg,MS,,39402,USA,(165)194-3983,Dgeupnd.Euqkxota@my.fisk.edu,J2430640,Dept Approved,,,,,
124,F9365635,B.S.,Biochemistry and Molecular Biology,Summa Cum Laude  ,,Kasoostdg O. Wiwapl,KasoostdgWiwapl,Kasoostdg,O,Wiwapl,2022-05-02 00:00:00,XXXXXXX,Apt 3,LAKEWOOD,NJ,,08701,USA,(531)532-8689,Kasoostdg.Wiwapl@my.fisk.edu,F9365635,Dept Approved,,,,,
125,N2027704,B.S.,Biochemistry and Molecular Biology,Summa Cum Laude  ,,Vlqp G. Uczqqvzpg,VlqpUczqqvzpg,Vlqp,G,Uczqqvzpg,2022-05-02 00:00:00,XXXXXXX,Apt 2905,Dallas,TX,,75287,USA,(653)999-3380,Vlqp.Uczqqvzpg@my.fisk.edu,N2027704,Dept Approved,,,,,
126,J6581206,B.S.,Biochemistry and Molecular Biology,Magna Cum Laude  ,,Tmfl W. Mcomwhza,TmflMcomwhza,Tmfl,Wtsu,Mcomwhza,2022-05-02 00:00:00,XXXXXXX,Suite #16,Nashville,TN,,37217,USA,(310)976-6628,Tmfl.Mcomwhza@my.fisk.edu,J6581206,Dept Approved,,,,,
127,I9805413,B.S.,Biochemistry and Molecular Biology,Magna Cum Laude ,,Pjduhj S. Iaah,PjduhjIaah,Pjduhj,Smhzc,Iaah,2022-05-02 00:00:00,XXXXXXX,,Olive Branch ,MS,,38654,USA,(690)211-0444,Pjduhj.Iaah@my.fisk.edu,I9805413,Dept Approved,,,,,
128,K3070787,B.S.,Biochemistry and Molecular Biology ,Summa Cum Laude ,,Ntuvmbwvj G. Epen,NtuvmbwvjEpen,Ntuvmbwvj,G,Epen,2022-05-02 00:00:00,XXXXXXX,,Columbia ,MD,,21044,USA,(076)131-7346,Ntuvmbwvj.Epen@my.fisk.edu,K3070787,Dept Approved,Late Submission,,,,
129,P0006795,B.S.,Biochemistry and Molecular Biology ,Magna Cum Laude ,,Drdmdnxvy O. Uiypzqy,DrdmdnxvyUiypzqy,Drdmdnxvy,Oo,Uiypzqy,2022-05-02 00:00:00,XXXXXXX,,Humble,TX,,77346,USA,(035)493-8191,Drdmdnxvy.Uiypzqy@my.fisk.edu,P0006795,Dept Approved,,,,,
130,M1020594,B.S.,Biochemistry and Molecular biology ,Magna Cum Laude ,,Ruvpumq M. Abafjztr,RuvpumqAbafjztr,Ruvpumq,Mxfsv,Abafjztr,2022-05-02 00:00:00,XXXXXXX,,Indianapolis,IN,,46268,USA,(544)347-9201,Ruvpumq.Abafjztr@my.fisk.edu,M1020594,Dept Approved,,,,,
131,C9941494,B.S.,Business Administration,Cum Laude  ,,Aejn U. Njmzlwktj,AejnNjmzlwktj,Aejn,Uu,Njmzlwktj,2022-05-02 00:00:00,XXXXXXX,,Nashville,TN,,37218,USA,(079)547-9211,Aejn.Njmzlwktj@my.fisk.edu,C9941494,Dept Approved,,,,,
132,M2865963,B.S.,Business Administration,,,Emmsyerop J. Jouyo,EmmsyeropJouyo,Emmsyerop,J,Jouyo,2022-05-02 00:00:00,XXXXXXX,,CHICAGO,IL,,60637,USA,(147)119-4959,Emmsyerop.Jouyo@my.fisk.edu,M2865963,Dept Approved,,,,,
133,E2892733,B.S.,Business Administration,,,Iugmif H. Nyosz,IugmifNyosz,Iugmif,Hcnh,Nyosz,2022-05-02 00:00:00,XXXXXXX,,Chicago Heights,IL,,60411,USA,(306)628-1199,Iugmif.Nyosz@my.fisk.edu,E2892733,Dept Approved,,,,,
134,A0072152,B.S.,Business Administration,Magna Cum Laude  ,,Rlvq V. Jkj,RlvqJkj,Rlvq,Valkm,Jkj,2022-05-02 00:00:00,XXXXXXX,,Woodbridge,VA,,22192,USA,(117)266-4038,Rlvq.Jkj@my.fisk.edu,A0072152,Dept Approved,,,,,
135,N0982814,B.S.,Business Administration ,Cum Laude  ,,Jrocjwe N. Euldac,JrocjweEuldac,Jrocjwe,N,Euldac,2022-05-02 00:00:00,XXXXXXX,,Milwaukee,WI,,53209,USA,(669)598-6812,Jrocjwe.Euldac@my.fisk.edu,N0982814,Dept Approved,,,,,
136,I1436836,B.S.,Business Administration ,,,Ivlgkmdjc E. Fjhiqd,IvlgkmdjcFjhiqd,Ivlgkmdjc,Eqax,Fjhiqd,2022-05-02 00:00:00,XXXXXXX,,Antioch,TN,,37013,USA,(759)387-6133,Ivlgkmdjc.Fjhiqd@my.fisk.edu,I1436836,Dept Approved,,,,,
137,S9279970,B.S.,Business Administration ,Cum Laude  ,,Kuwzucy I. Usieoc,KuwzucyUsieoc,Kuwzucy,I,Usieoc,2022-05-02 00:00:00,XXXXXXX,Apt.C ,Ballwin,MO,,63021,USA,(253)903-0465,Kuwzucy.Usieoc@my.fisk.edu,S9279970,Dept Approved,,,,,
138,Z2443071,B.S.,Business Administration ,Cum Laude ,,Lstrghgx X. Lmalhx,LstrghgxLmalhx,Lstrghgx,X,Lmalhx,2022-05-02 00:00:00,XXXXXXX,,Nashville ,TN,,37208,USA,(696)461-8738,Lstrghgx.Lmalhx@my.fisk.edu,Z2443071,Dept Approved,,,,,
139,S2696488,B.S.,Business Administration & Data Science ,Cum Laude ,,Qjb F. Exs,QjbExs,Qjb,Fts,Exs,2022-05-02 00:00:00,XXXXXXX,,Arcadia,Ok,,73007,USA,(475)415-8588,Qjb.Exs@my.fisk.edu,S2696488,Dept Approved,,,,,
140,Z2014437,B.S.,Business Administration Concentration Accounting,,,Myyls Y. Ubkscfmc,MyylsUbkscfmc,Myyls,Yvcwg,Ubkscfmc,2022-05-02 00:00:00,XXXXXXX,,Nashville ,TN,,37211,USA,(182)776-5372,Myyls.Ubkscfmc@my.fisk.edu,Z2014437,Dept Approved,,,,,
141,K2700984,B.S.,Business Administration non-concentration,,Keidejaha Paradise Burke,Anx X. Braehdo,AnxBraehdo,Anx,X,Braehdo,3439 w Madison street ,XXXXXXX,Chicago ,IL,,60624,USA,(615) 512-0276,(126)638-2604,Anx.Braehdo@my.fisk.edu,K2700984,,,,,,
142,R4225147,B.S.,Business Administration Concentration Accounting,Summa Cum Laude  ,,Wbv Y. Plq,WbvPlq,Wbv,Y,Plq,2022-05-02 00:00:00,XXXXXXX,,Mobile,AL,,36608,USA,(277)815-8544,Wbv.Plq@my.fisk.edu,R4225147,Dept Approved,,,,,
143,D5140449,B.S.,Business Administration Concentration in Financial Economics,,,Khqgjai B. Lkbi,KhqgjaiLkbi,Khqgjai,Bpbo,Lkbi,2022-05-02 00:00:00,XXXXXXX,,Memphis,TN,,38018,USA,(787)722-1800,Khqgjai.Lkbi@my.fisk.edu,D5140449,Dept Approved,,,,,
144,C0355312,B.S.,Business Administration Concentration in International Business,Summa Cum Laude  ,,Imeepez P. Dbqjmndql,ImeepezDbqjmndql,Imeepez,P,Dbqjmndql,2022-05-02 00:00:00,XXXXXXX,,Atlanta,GA,,30349,USA,(014)246-8658,Imeepez.Dbqjmndql@my.fisk.edu,C0355312,Dept Approved,,,,,
145,H0729969,B.S.,Business administration Concentration in Management,,,Jgvqoh O. Rng,JgvqohRng,Jgvqoh,Oc,Rng,2022-05-02 00:00:00,XXXXXXX,,Montgomery ,AL,,36116,USA,(167)079-2652,Jgvqoh.Rng@my.fisk.edu,H0729969,Dept Approved,,,,,
146,P7414454,B.S.,Business Administration Concentration International Business,Summa Cum Laude ,,Ydhglmxkk N. Rro,YdhglmxkkRro,Ydhglmxkk,Ncz,Rro,2022-05-02 00:00:00,XXXXXXX,,Bloomingdale,IL,,60108,USA,(764)322-2079,Ydhglmxkk.Rro@my.fisk.edu,P7414454,Dept Approved,,,,,
147,C9270785,B.S.,Business administration Concentration Management,Cum Laude  ,,Udacyootl Z. Ualiqreu,UdacyootlUaliqreu,Udacyootl,Z,Ualiqreu,2022-05-02 00:00:00,XXXXXXX,,Detroit,MI,,48219-1118,USA,(366)734-8709,Udacyootl.Ualiqreu@my.fisk.edu,C9270785,Dept Approved,,,,,
148,H8795514,B.S.,Business Administration Concentration Management,,,Exjlckw B. Ykkqh,ExjlckwYkkqh,Exjlckw,Bvo,Ykkqh,2022-05-02 00:00:00,XXXXXXX,,Lancaster ,TX,,75146,USA,(034)279-5707,Exjlckw.Ykkqh@my.fisk.edu,H8795514,Dept Approved,,,,,
149,P3056349,B.S.,Business Administration Concentration Management ,,,Ecjpny S. Ifh,EcjpnyIfh,Ecjpny,Srg,Ifh,2022-05-02 00:00:00,XXXXXXX,,Brunswick,GA,,31525,USA,(872)283-6575,Ecjpny.Ifh@my.fisk.edu,P3056349,Dept Approved,,,,,
150,T6395170,B.S.,Business Administration Concentration Music Business,Summa Cum Laude  ,,Cwxsuq Y. Qckurfveu,CwxsuqQckurfveu,Cwxsuq,Yqr,Qckurfveu,2022-05-02 00:00:00,XXXXXXX,,Evansville,IN,,47714,USA,(932)600-3572,Cwxsuq.Qckurfveu@my.fisk.edu,T6395170,Dept Approved,,,,,
151,V8052172,B.S.,Business Administration- International Business,Summa Cum Laude  ,,Kcruzgf O. Ebum,KcruzgfEbum,Kcruzgf,Op,Ebum,2022-05-02 00:00:00,XXXXXXX,,Stockbridge,GA,,30281,USA,(791)313-4933,Kcruzgf.Ebum@my.fisk.edu,V8052172,Dept Approved,,,,,
152,N1412260,B.S.,Business Administration Non-Concentration,Magna Cum Laude  ,,Ffdfdpo C. Zmi,FfdfdpoZmi,Ffdfdpo,Cmvwr,Zmi,2022-05-02 00:00:00,XXXXXXX,,Hazel Park,MI,,48030,USA,(722)961-1528,Ffdfdpo.Zmi@my.fisk.edu,N1412260,Dept Approved,,,,,
153,P8319507,B.S.,Business Administration Non-Concentration,,,Oani U. Vpi,OaniVpi,Oani,U,Vpi,2022-05-02 00:00:00,XXXXXXX,,Kettering,OH,,45429,USA,(340)939-3686,Oani.Vpi@my.fisk.edu,P8319507,Dept Approved,,,,,
154,I9223096,B.S.,Business Administration non-concentration,,,Jzhjqxcf L. Hfnrpwrxc,JzhjqxcfHfnrpwrxc,Jzhjqxcf,Lnez,Hfnrpwrxc,2022-05-02 00:00:00,XXXXXXX,,Kettering,OH,,45429,USA,(717)741-6483,Jzhjqxcf.Hfnrpwrxc@my.fisk.edu,I9223096,Dept Approved,,,,,
155,N0500271,B.S.,Business Administration Non-Concentration,Magna Cum Laude  ,,Lczvvjntt S. Htih,LczvvjnttHtih,Lczvvjntt,Sftb,Htih,2022-05-02 00:00:00,XXXXXXX,,Bowie,MD,,20715,USA,(733)992-7746,Lczvvjntt.Htih@my.fisk.edu,N0500271,Dept Approved,,,,,
156,J8797402,B.S.,Business Administration non-concentration ,,,Qwml D. Dwjmibofu,QwmlDwjmibofu,Qwml,D,Dwjmibofu,2022-05-02 00:00:00,XXXXXXX,,Brentwood,TN,,37027,USA,(847)567-6139,Qwml.Dwjmibofu@my.fisk.edu,J8797402,Dept Approved,,,,,
157,B7168928,B.S.,Computer Science,Summa Cum Laude  ,,Gakb R. Uvyon,GakbUvyon,Gakb,R,Uvyon,2022-05-02 00:00:00,XXXXXXX,,Lebanon,TN,,37090,USA,(212)269-7365,Gakb.Uvyon@my.fisk.edu,B7168928,Dept Approved,,,,,
158,N7985030,B.S.,Computer Science,Summa Cum Laude  ,,Doqzkjn W. Ipylixr,DoqzkjnIpylixr,Doqzkjn,W,Ipylixr,2022-05-02 00:00:00,XXXXXXX,Unit 231,Seattle,WA,,98109,USA,(542)816-9275,Doqzkjn.Ipylixr@my.fisk.edu,N7985030,Dept Approved,,,,,
159,P1844683,B.S.,Computer science,Cum Laude  ,,Nnq Z. Jtngktqbp,NnqJtngktqbp,Nnq,Z,Jtngktqbp,2022-05-02 00:00:00,XXXXXXX,,Franklin,TN,,37064,USA,(727)634-7671,Nnq.Jtngktqbp@my.fisk.edu,P1844683,Dept Approved,"Has one class to take, enrolled in Columbia State",,,,
160,D8110036,B.S.,Computer Science,Summa Cum Laude ,,Ebxwfaoh Z. Wkp,EbxwfaohWkp,Ebxwfaoh,Z,Wkp,2022-05-02 00:00:00,XXXXXXX,,Nashville,TN,,37221,USA,(078)468-0429,Ebxwfaoh.Wkp@my.fisk.edu,D8110036,Dept Approved,,,,,
161,E7408815,B.S.,Computer Science,Summa Cum Laude  ,,Iuas N. Msxuglsl,IuasMsxuglsl,Iuas,Nbp,Msxuglsl,2022-05-02 00:00:00,XXXXXXX,Apt 1B,Union City,NJ,,07087,USA,(716)611-7664,Iuas.Msxuglsl@my.fisk.edu,E7408815,Dept Approved,,,,,
162,P2812335,B.S.,Computer Science,Summa Cum Laude  ,,Ywemcdk B. Yqbbm,YwemcdkYqbbm,Ywemcdk,B,Yqbbm,2022-05-02 00:00:00,XXXXXXX,,Upper Marlboro,MD,,20774,USA,(455)844-8465,Ywemcdk.Yqbbm@my.fisk.edu,P2812335,Dept Approved,,,,,
163,R5637736,B.S.,Computer Science ,Cum Laude ,,Ttpx D. Uiufgal,TtpxUiufgal,Ttpx,Dblc,Uiufgal,2022-05-02 00:00:00,XXXXXXX,Apt B,Raleigh ,NC,,27606,USA,(199)833-2739,Ttpx.Uiufgal@my.fisk.edu,R5637736,Dept Approved,Late Submission,,,,
164,S0086066,B.S.,Data Science,,,Ubnr I. Hyjleptlk,UbnrHyjleptlk,Ubnr,I,Hyjleptlk,2022-05-02 00:00:00,XXXXXXX,,Nashville,TN,,37217,USA,(500)572-7411,Ubnr.Hyjleptlk@my.fisk.edu,S0086066,Dept Approved,,,,,
165,A6932010,B.S.,Data Science,,,Hxntspmr Y. Xfpjiy,HxntspmrXfpjiy,Hxntspmr,Y,Xfpjiy,2022-05-02 00:00:00,XXXXXXX,,Snellville ,GA,,30078,USA,(695)415-3162,Hxntspmr.Xfpjiy@my.fisk.edu,A6932010,Dept Approved,,,,,
166,Y5002227,B.S.,Data Science,Summa Cum Laude  ,,Batyzrkqg L. Rxfpvtjf,BatyzrkqgRxfpvtjf,Batyzrkqg,L,Rxfpvtjf,2022-05-02 00:00:00,XXXXXXX,,Brentwood,TN,,37027,USA,(472)243-0616,Batyzrkqg.Rxfpvtjf@my.fisk.edu,Y5002227,Dept Approved,,,,,
167,U7701292,B.S.,Data Science,Cum Laude  ,,Ukqp U. Exfcyw,UkqpExfcyw,Ukqp,Umtza,Exfcyw,2022-05-02 00:00:00,XXXXXXX,,matteson,IL,,60443,USA,(873)798-7778,Ukqp.Exfcyw@my.fisk.edu,U7701292,Dept Approved,,,,,
168,A6408668,B.S.,Data Science,,,Wfnfmwga H. Afmodc,WfnfmwgaAfmodc,Wfnfmwga,Hlovt,Afmodc,2022-05-02 00:00:00,XXXXXXX,,Gallatin,TN,,37066,USA,(227)233-6541,Wfnfmwga.Afmodc@my.fisk.edu,A6408668,Dept Approved,,,,,
169,Z0417488,B.S.,Data science ,Cum Laude  ,,Affwhk N. Hvudx,AffwhkHvudx,Affwhk,Nmvac,Hvudx,2022-05-02 00:00:00,XXXXXXX,,Nashville,TN,,37208,USA,(402)564-3252,Affwhk.Hvudx@my.fisk.edu,Z0417488,Dept Approved,,,,,
170,G3282346,B.S.,Homeland Security,,,Abp V. Falxasfz,AbpFalxasfz,Abp,V,Falxasfz,2022-05-02 00:00:00,XXXXXXX,Suite 500 (Attn Vincent Demps),Nashville,TN,,37203,USA,(958)696-2564,Abp.Falxasfz@my.fisk.edu,G3282346,Dept Approved,,,,,
171,H5141952,B.S.,Mathematics & Chemistry,Magna Cum Laude  ,,Domq F. Ocev,DomqOcev,Domq,Fiape,Ocev,2022-05-02 00:00:00,XXXXXXX,,Nashville ,TN,,37207,USA,(990)721-6952,Domq.Ocev@my.fisk.edu,H5141952,Dept Approved,"133 credits, 2 missing grades",,,,
172,N7309104,B.S.,Music Education,,,Gtoztf D. Abdcf,GtoztfAbdcf,Gtoztf,D,Abdcf,2022-05-02 00:00:00,XXXXXXX,,Durham,NC,,27713,USA,(473)935-2382,Gtoztf.Abdcf@my.fisk.edu,N7309104,Dept Approved,"Alternate Address Given: 5161 Rice Road Apt 71, Antioch, TN, 37013",,,,"All grades entered, not enrolled in SP-22"
173,D3280372,B.S.,Music Education ,Summa Cum Laude  ,,Qbdp K. Imusofork,QbdpImusofork,Qbdp,Knri,Imusofork,2022-05-02 00:00:00,XXXXXXX,,Germantown ,TN,,38138,USA,(161)283-7931,Qbdp.Imusofork@my.fisk.edu,D3280372,Dept Approved,,,,,
174,G2482870,B.S.,Physics,Summa Cum Laude  ,Praful Prasad Sigdel,Dtvicbckl O. Ckqar,DtvicbcklCkqar,Dtvicbckl,O,Ckqar,PMB 351341,XXXXXXX,Nashville,TN,,37235-1341,USA,(615) 424-7735,(429)261-9531,Dtvicbckl.Ckqar@my.fisk.edu,G2482870,"All grades entered, not enrolled in SP-22",,,,,
175,B7511199,B.S.,Physics,Summa Cum Laude  ,Praful Prasad Sigdel,Gjni U. Ygmswn,GjniYgmswn,Gjni,Uo,Ygmswn,PMB 351341,XXXXXXX,Nashville,TN,,37235-1341,USA,(615) 424-7735,(569)521-0349,Gjni.Ygmswn@my.fisk.edu,B7511199,"All grades entered, not enrolled in SP-22",,,,,
176,G4477828,B.S.,Physics,Summa Cum Laude  ,Praful Prasad Sigdel,Zjhasp X. Vcylveml,ZjhaspVcylveml,Zjhasp,Xuxy,Vcylveml,Prah-Fuul Prah-Sadh Sig-Del,XXXXXXX,Prasad,Sigdel,2022-05-02 00:00:00,PMB 351341,2301 Vanderbilt Place,Nashville,(046)260-5173,Zjhasp.Vcylveml@my.fisk.edu,G4477828,USA,(615) 424-7735,Praful.p.sigdel@vanderbilt.edu ,A0000053593,,
177,O3099894,B.S.,Physics,Cum Laude ,Rammon R. Green,Zbwyoy L. Jwoek,ZbwyoyJwoek,Zbwyoy,Lj,Jwoek,,XXXXXXX,R.,Green,2022-05-01 00:00:00,303 Route 137,,Harwich,(340)727-1178,Zbwyoy.Jwoek@my.fisk.edu,O3099894,USA,(774) 541-0181,rammongreeen@gmail.com,A0000053341,,
178,O4114262,B.S.,Physics,Cum Laude ,,Ibkc G. Hyavbmde,IbkcHyavbmde,Ibkc,G,Hyavbmde,2022-05-02 00:00:00,XXXXXXX,,Cordova,TN,,38016,USA,(390)766-2654,Ibkc.Hyavbmde@my.fisk.edu,O4114262,Dept Approved,123 credits,,,,
179,F8532936,B.S.,Physics,,,Bqzzlia Q. Gbvetdnh,BqzzliaGbvetdnh,Bqzzlia,Qv,Gbvetdnh,2022-05-02 00:00:00,XXXXXXX,,Milwaukee,WI,,53216,USA,(026)833-3833,Bqzzlia.Gbvetdnh@my.fisk.edu,F8532936,Dept Approved,"115 credits, 2 missing grades",,,,
180,U4300797,M.A.,Biology,,,Aks L. Nadyen,AksNadyen,Aks,L,Nadyen,2022-05-02 00:00:00,XXXXXXX,Apt 224,Franklin,TN,,37027,USA,(704)929-7900,Aks.Nadyen@my.fisk.edu,U4300797,Dept Approved,33 credit hours in grad school,,,,
181,Y6736142,M.A.,Biology,,,Ufzxo Z. Yaqu,UfzxoYaqu,Ufzxo,Zq,Yaqu,2022-05-02 00:00:00,XXXXXXX,,Ferguson,MO,,63135,USA,(505)075-0183,Ufzxo.Yaqu@my.fisk.edu,Y6736142,Dept Approved,"Dr. Nelms approved, Dr. Burger granted commemencement participation",,,,
182,O2463678,M.A.,Biology,,,Cwef R. Gldic,CwefGldic,Cwef,Rqqv,Gldic,2022-05-02 00:00:00,XXXXXXX,,Enterprise,AL,,36330,USA,(405)168-7341,Cwef.Gldic@my.fisk.edu,O2463678,Dept Approved,"Grad school student, ",,,,
183,R8421053,M.A.,Clinical Psychology,,,Xfcmwnf D. Qeaiucpt,XfcmwnfQeaiucpt,Xfcmwnf,D,Qeaiucpt,2022-05-02 00:00:00,XXXXXXX,Apt 1415,Antioch,TN,,37013,USA,(564)937-0591,Xfcmwnf.Qeaiucpt@my.fisk.edu,R8421053,Late Submission,,,,,
184,Q7983715,M.A.,Clinical Psychology,,,Fdtalvor K. Cpmjdwgbb,FdtalvorCpmjdwgbb,Fdtalvor,Kj,Cpmjdwgbb,2022-05-02 00:00:00,XXXXXXX,,Lafayette,LA,,70501,USA,(410)535-6397,Fdtalvor.Cpmjdwgbb@my.fisk.edu,Q7983715,Late Submission,,,,,
185,Z0448872,M.A.,Clinical Psychology,,,Vrukbosjr Q. Lvcjpb,VrukbosjrLvcjpb,Vrukbosjr,Qzt,Lvcjpb,2022-05-02 00:00:00,XXXXXXX,,Santa Clara,CA,,95051,USA,(701)391-4724,Vrukbosjr.Lvcjpb@my.fisk.edu,Z0448872,Late Submission,,,,,
186,J3364496,M.A.,Clinical Psychology ,,,Tnnn Z. Xfel,TnnnXfel,Tnnn,Zhvj,Xfel,2022-05-02 00:00:00,XXXXXXX,,Los Angeles,CA,,90043,USA,(477)976-6424,Tnnn.Xfel@my.fisk.edu,J3364496,Dept Approved,"Has 36 grad credits, one grade missing",,,,
187,O4751042,M.A.,Clinical Psychology ,,,Sts V. Ygzkdhzcg,StsYgzkdhzcg,Sts,Vla,Ygzkdhzcg,2022-05-02 00:00:00,XXXXXXX,,Blythewood,SC,,29016,USA,(376)431-6465,Sts.Ygzkdhzcg@my.fisk.edu,O4751042,Late Submission,,,,,
188,Y3378548,M.A.,Social Justice,,,Nlxntosg E. Hqjwfcrh,NlxntosgHqjwfcrh,Nlxntosg,Eixmy,Hqjwfcrh,2022-05-02 00:00:00,XXXXXXX,,Clarksville,TN,,37040-3374,USA,(125)747-0117,Nlxntosg.Hqjwfcrh@my.fisk.edu,Y3378548,Dept Approved,"Has 36 grad credits, one grade missing",,,,
189,D5492037,M.A.,Social Justice ,,,Xoldzwntn I. Zgufdyzk,XoldzwntnZgufdyzk,Xoldzwntn,Ifyu,Zgufdyzk,2022-05-02 00:00:00,XXXXXXX,,Jackson,TN,,38301,USA,(792)728-8722,Xoldzwntn.Zgufdyzk@my.fisk.edu,D5492037,Dept Approved,,,,,
190,N1881390,M.S.,Biology,,,Dnw D. Jomqs,DnwJomqs,Dnw,Dyois,Jomqs,2022-05-02 00:00:00,XXXXXXX,,Salisbury,NC,,28146,USA,(269)903-9201,Dnw.Jomqs@my.fisk.edu,N1881390,Dept Approved,,,,,
191,I8471956,M.S.,Biology,,,Shyehfgd Y. Tpupvngb,ShyehfgdTpupvngb,Shyehfgd,Ywda,Tpupvngb,2022-05-02 00:00:00,XXXXXXX,,Gainesville,FL,,32608,USA,(644)631-1351,Shyehfgd.Tpupvngb@my.fisk.edu,I8471956,Dept Approved,,,,,
192,K4086693,M.S.,Biology,,,Lecjbjtvt X. Rfnobbxsc,LecjbjtvtRfnobbxsc,Lecjbjtvt,Xu,Rfnobbxsc,2022-05-02 00:00:00,XXXXXXX,,Thousand Oaks,CA,,91360,USA,(166)061-0184,Lecjbjtvt.Rfnobbxsc@my.fisk.edu,K4086693,Dept Approved,,,,,
193,M0222715,M.S.,Chemistry,,,Ahxpacd T. Zuzfybyrj,AhxpacdZuzfybyrj,Ahxpacd,Ti,Zuzfybyrj,2022-05-02 00:00:00,XXXXXXX,,Antioch,TN,,37013,USA,(744)006-2066,Ahxpacd.Zuzfybyrj@my.fisk.edu,M0222715,Dept Approved,,,,,
194,B7067434,M.S.,Physics,,,Cmdcgagh B. Wxidagma,CmdcgaghWxidagma,Cmdcgagh,B,Wxidagma,2022-05-02 00:00:00,XXXXXXX,,Dallas,TX,,75243,USA,(306)340-7375,Cmdcgagh.Wxidagma@my.fisk.edu,B7067434,Dept Approved,,,,,
195,Y8259317,M.S.,Physics,,,Tyzvpulfx K. Pcbd,TyzvpulfxPcbd,Tyzvpulfx,Kgenq,Pcbd,2022-05-02 00:00:00,XXXXXXX,,Garland,TX,,75044,USA,(221)237-1657,Tyzvpulfx.Pcbd@my.fisk.edu,Y8259317,Dept Approved,,,,,
196,E2437954,M.S.,Physics,,,Murghgs W. Xcegd,MurghgsXcegd,Murghgs,Wbye,Xcegd,2022-05-02 00:00:00,XXXXXXX,,Washington ,DC,,20019,USA,(541)234-3559,Murghgs.Xcegd@my.fisk.edu,E2437954,Dept Approved,,,,,
197,S9079304,M.S.,Physics,,,Otsfwiytz T. Kevbgl,OtsfwiytzKevbgl,Otsfwiytz,T,Kevbgl,2022-05-02 00:00:00,XXXXXXX,,Clayton,NC,,27527,USA,(123)337-0941,Otsfwiytz.Kevbgl@my.fisk.edu,S9079304,Dept Approved,,,,,
198,B9511407,M.S.,Physics,,,Wfn V. Fbp,WfnFbp,Wfn,V,Fbp,2022-05-02 00:00:00,XXXXXXX,,Nashville,TN,,37203,USA,(114)215-5938,Wfn.Fbp@my.fisk.edu,B9511407,Dept Approved,,,,,
199,R0012098,,Needs further review,,,Kwxegvkpn X. Jwgh,KwxegvkpnJwgh,Kwxegvkpn,Xvufo,Jwgh,,XXXXXXX,,,,,,,(688)433-6020,Kwxegvkpn.Jwgh@my.fisk.edu,R0012098,,,,,,
